ISBN,Titulo,Autor,Editorial,A§o,GÇnero,Resumen
9.78607E+12,BAJO LA MISMA ESTRELLA,John Green,NUBE DE TINTA,2013,Tragedia,"Emotiva, ir¢nica y afilada. Una novela te§ida de humor y de tragedia que habla de nuestra capacidad para so§ar incluso en las circunstancias m†s dif°ciles. Hazel acaba de cumplir 16 a§os. Y tiene c†ncer. A pesar de que un tratamiento ha conseguido reducir su tumor de forma casi milagrosa, es una enferma terminal. Los mÇdicos no pueden decirle cu†nto tiempo le queda; solo sabe que debe vivir pegada a un tanque de ox°geno y sometida a continuos tratamientos. Desde hace unas semanas, Hazel forma parte de un grupo de apoyo donde otros chicos como ella comparten sus experiencias. En realidad, ella acude m†s por obligaci¢n que por voluntad; ®quÇ sentido tiene hablar con otras personas de lo que nadie puede cambiar? Pero su vida da un verdadero vuelco cuando conoce a Gus Waters, un chico que, como ella, lucha por superar el c†ncer. Una historia que explora cu†n exquisita, inesperada y tr†gica puede ser la aventura de saberse vivo y querer a alguien.ˇ"
9.78849E+12,LA PARADOJA: UN RELATO SOBRE LA VERDADERA ESENCIA DEL LIDERAZGO,James C. Hunter,EMPRESAˇACTIVA,2013,Negocios,"®QuÇ cualidades se necesitan para ser un buen jefe? ®C¢mo se consiguen la autoridad y la credibilidad necesarias para dirigir de forma efectiva? Este libro responde a estas y a otras muchas preguntas, y nos recuerda los principios universales que nos permiten colaborar con los dem†s, ya sea en el trabajo o en el †mbito familiar:-no hay autoridad sin respeto.-el respeto no se funda en la imposici¢n ni en el miedo, sino en la integridad, la sinceridad y la empat°a con el pr¢jimo.-no podemos cambiar a nadie, s¢lo podemos cambiar nosotros mismos.-el trabajo lo hacen las personas, y no puede hacerse un buen trabajo sin cuidar las relaciones humanas. Los principios del liderazgo son tan simples que se nos han olvidado por completo. Confundimos la autoridad con el poder y el respeto con el miedo, lo que lleva a unas relaciones tensas y recelosas entre jefes y subordinados, y a un triste resultado: cuando un equipo trabaja para contentar al jefe, ®quiÇn se ocupa realmente del trabajo? en esta nueva edici¢n de la paradoja, el autor nos acompa§a un pr¢logo en donde relata la experiencia que le ha tra°do el Çxito de este libro y de su continuaci¢n: las claves de la paradoja, y sintetiza las nuevas ense§anzas que ha permitido que en todo el mundo se hayan aplicado con Çxitos sus principios de liderazgo."
9.78607E+12,DIVERGENTE 1,Veronica Roth,MOLINO,2013,Ciencia Ficci¢n,"La humanidad ha estado a punto de extinguirse a causa de una serie de terribles guerras. Por eso, la sociedad creada al comienzo de la gran paz ha decidido agrupar a las personas en cinco facciones que tratan de erradicar los males que les llevaron a la guerra. Quienes culpaban la agresividad, crearon cordialidad. Los que culpaban la ignorancia, se agruparon en erudici¢n. Contra el enga§o surgi¢ verdad, contra el ego°smo, abnegaci¢n, y contra la cobard°a, osad°a. A los diecisÇis a§os, cada individuo debe elegir si permanecer en la facci¢n de sus padres o cambiarse. Si se cambia, tendr† que renunciar a volver a ver a su familia. Tras la ceremonia de elecci¢n todos los chicos deben pasar por un proceso de iniciaci¢n: el que no lo supere se quedara sin facci¢n, convertido en un paria. La familia de Beatrice pertenece a abnegaci¢n y, aunque ella valora mucho el modo de vida de su facci¢n, no sabe si es lo suficientemente altruista como para dedicar su vida a los dem†s. La dif°cil elecci¢n de Beatrice marca el inicio de la saga, y la trama de divergente se centrara en las pruebas de iniciaci¢n. Beatrice tendr† que ganarse su puesto en la facci¢n y eso la llevara a competir contra sus compa§eros; har† aliados y enemigos, y conocer† a alguien muy especial, una persona que jam†s habr°a esperado encontrar. Pero el argumento de la saga de ver¢nica Roth va mucho m†s all†. En las p†ginas de este primer volumen descubriremos que significa eso de divergente y cu†les son los problemas pol°ticos de esta sociedad tan pacifica en apariencia. Divergente es una distop°a con todas las letras. No sabemos cu†l ser† el futuro del genero dist¢pico pero, si triunfa, ser† gracias a sagas como esta. No estamos frente a un libro lento, melanc¢lico o reflexivo; divergente es pura acci¢n. Una novela que engancha de la primera a la £ltima p†gina, que mantiene la tensi¢n en todo momento, llena de giros inesperados, situaciones radicales, bastantes dosis de violencia, mucha tensi¢n amorosa y una protagonista con car†cter. No es una novela perfecta; tiene alguna de las taras que acompa§an a todas las distop°as, pero sus pocos errores quedan r†pidamente eclipsados por sus virtudes. La jovenc°sima Ver¢nica Roth nos ha dejado muy gratamente sorprendidos, en especial por su habilidad a la hora de dar realismo al personaje de Beatrice y de transmitir sus sentimientos al lector."
9.78607E+12,LOS 11 PODERES DEL LIDER,Jorge Valdano,CONECTA,2013,Negocios,"JORGE VALDANO PARTE DE LA IDEA DE QUE TODO EQUIPO ES UN ESTADO DE µNIMO Y EXPONE CUµLES SON, DESDE SU PUNTO DE VISTA, LAS CARACTER÷STICAS NECESARIAS Y LOS PODERES DE UN L÷DER QUE SE ENCUENTRE AL FRENTE DE UN EQUIPO DE ALTO RENDIMIENTO. EL FÈTBOL ES UN JUEGO TAN PODEROSO QUE TIENDE PUENTES CON LA SOCIEDAD, CON LA CULTURA, CON LA COMUNICACI‡N Y, COMO DEMUESTRA ESTE LIBRO A TRAVêS DE MÈLTIPLES EJEMPLOS, TAMBIêN CON LA EMPRESA. VALDANO APROVECHA EXPERIENCIAS DEL µMBITO DEL DEPORTE PARA HABLAR DE LIDERAZGO, TRABAJO EN EQUIPO, MOTIVACI‡N Y TODO LO QUE AGITA A UN EQUIPO DE ALTA COMPETICI‡N. A TRAVêS DE ONCE GRANDES VALORES (LA CREDIBILIDAD, LA ESPERANZA, LA PASI‡N, LA HUMILDAD, EL ESTILO, LA PALABRA, LA CURIOSIDAD, EL TALENTO, EL VESTUARIO, LA SIMPLEZA Y EL êXITO), EJEMPLIFICADOS POR ENTRENADORES, JUGADORES Y MOMENTOS DRAMµTICOS DEL DEPORTE QUE MUEVE EL MUNDO, EL AUTOR RESUME LOS ELEMENTOS CLAVES DEL LIDERAZGO EN EL SIGLO XXI."
9.78608E+12,THE MAZE RUNNER 1 CORRER O MORIR,James Dashner,VERGARA Y RIBA EDITORAS,2010,Ciencia Ficci¢n,"AL DESPERTAR DENTRO DE UN OSCURO ELEVADOR EN MOVIMIENTO, LO ÈNICO QUE THOMAS LOGRA RECORDAR ES SU NOMBRE. NO SABE QUIêN ES. TAMPOCO HACIA D‡NDE VA. PERO NO ESTµ SOLO: CUANDO LA CAJA LLEGA A SU DESTINO, LAS PUERTAS SE ABREN Y SE VE RODEADO POR UN GRUPO DE J‡VENES. ìBIENVENIDO AL µREA, NOVICIO.î EL µREA. UN ESPACIO ABIERTO CERCADO POR MUROS GIGANTESCOS. AL IGUAL QUE THOMAS, NINGUNO DE ELLOS SABE C‡MO HA LLEGADO ALL÷. NI POR QUê. DE LO QUE ESTµN SEGUROS ES DE QUE CADA MA•ANA LAS PUERTAS DE PIEDRA DEL LABERINTO QUE LOS RODEA SE ABREN Y POR LA NOCHE, SE CIERRAN. Y QUE CADA TREINTA D÷AS ALGUIEN NUEVO ES ENTREGADO POR EL ELEVADOR. UN HECHO ALTERA DE FORMA RADICAL LA RUTINA DEL LUGAR: LLEGA UNA CHICA, LA PRIMERA ENVIADA AL µREA. Y MµS SORPRENDENTE TODAV÷A ES EL MENSAJE QUE TRAE. THOMAS SERµ MµS IMPORTANTE DE LO QUE IMAGINA. PERO PARA ESO DEBERµ DESCUBRIR LOS SOMBR÷OS SECRETOS GUARDADOS EN SU MENTE. POR ALGUNA RAZ‡N, SABE QUE PARA LOGRARLO DEBE CORRER. CORRER SERµ LA CLAVE. O MORIRµ. JAMES DASHNER HA URDIDO UN APASIONANTE THRILLER PSICOL‡GICO Y DE ACCI‡N. CORRER O MORIR ES EL PRIMER T÷TULO DE UNA TRILOG÷A QUE ATRAPARµ SIN CONCESIONES AL LECTOR. PORQUE CADA SALIDA PUEDE CONVERTIRSE EN EL PASAJE A UNA VERDADERA PESADILLA."
9.78607E+12,EL JUEGO DE RIPPER,Isabel Allende,PLAZAˇ& JANES EDITORES,2014,Thriller,"Mi madre todav°a est† viva, pero la matar†n el Viernes Santo a medianoche, le advirti¢ Amanda Mart°n al inspector jefe y Çste no lo puso en duda, porque la chica hab°a dado pruebas de saber m†s que Çl y todos sus colegas del Departamento de Homicidios. La mujer estaba cautiva en alg£n punto de los dieciocho mil kil¢metros cuadrados de la bah°a de San Francisco, ten°an pocas horas para encontrarla con vida y Çl no sab°a por d¢nde empezar a buscarla."
9.78607E+12,Los juegos del hambre 3: Sinsajo,Suzanne Collins,OCEANO TRAVESIA,2011,Ciencia Ficci¢n,"KATNISS EVERDEEN, LA CHICA EN LLAMAS, HA SOBREVIVIDO DE NUEVO A LOS JUEGOS, AUNQUE NO QUEDA NADA DE SU HOGAR. GALE HA ESCAPADO. SU FAMILIA ESTµ A SALVO. EL CAPITOLIO HA CAPTURADO A PEETA. EL DISTRITO 13 EXISTE DE VERDAD. HAY REBELDES. HAY NUEVOS L÷DERES. ESTµN EN PLENA REVOLUCI‡N. EL PLAN DE RESCATE PARA SACAR A KATNISS DE LA ARENA DEL CRUEL E INQUIETANTE VASALLAJE DE LOS VEINTICINCO NO FUE CASUAL, COMO TAMPOCO LO FUE QUE LLEVARA TIEMPO FORMANDO PARTE DE LA REVOLUCI‡N SIN SABERLO. EL DISTRITO 13 HA SURGIDO DE ENTRE LAS SOMBRAS Y QUIERE ACABAR CON EL CAPITOLIO. AL PARECER, TODOS HAN TENIDO ALGO QUE VER EN EL METICULOSO PLAN, TODOS MENOS KATNISS. EL êXITO DE LA REBELI‡N DEPENDE DE LO DISPUESTA QUE ELLA ESTê A SER UNA MARIONETA, A ACEPTAR LA RESPONSABILIDAD DE INCONTABLES VIDAS Y A CAMBIAR EL CURSO DEL FUTURO DE PANEM. PARA HACERLO DEBE DEJAR A UN LADO SUS SENTIMIENTOS DE RABIA Y DESCONFIANZA. DEBE CONVERTIRSE EN EL SINSAJO, A CUALQUIER PRECIO."
9.78607E+12,Aura,Carlos Fuentes,ERA,2012,Literatura Mexicana,"LEES ESE ANUNCIO: UNA OFERTA DE ESA NATURALEZA NO SE HACE TODOS LOS DIAS. LEES Y RELEES EL AVISO. PARECE DIRIGIDO A TI, A NADIE MAS: ASI COMIENZA AURA, UNA DE LAS NOVELAS MAS EMBRUJANTES DE LA LITERATURA MEXICANA, UNA LUCIDA Y A LA PAR ALUCINADA EXPLORACION DE ESA ZONA DEL ARTE DONDE EL HORROR ENGENDRA LA HERMOSURA, DONDE LO VERDADERO ES LO IMPOSIBLE, DONDE EL AMOR SACRIFICA LA VIDA Y LA INMORTALIDAD TIENE UN PRECIO QUE ALGUNOS ESTAN DISPUESTOS A PAGAR."
9.78607E+12,Las batallas en el desierto,Jose Emilio Pacheco,ERA,2011,Literatura Mexicana,"HISTORIA DE UN AMOR IMPOSIBLE, LAS BATALLAS EN EL DESIERTO ES UNA MAGISTRAL NOVELA BREVE QUE INVOLUCRA OTROS ASPECTOS COMO LA CORRUPCION SOCIAL Y POLITICA, EL INICIO DEL MEXICO MODERNO Y LA DESAPARICION DEL PAIS TRADICIONAL, Y EL RESCATE DE LAS MEMORIAS INDIVIDUALES Y COLECTIVAS DE UNA CIUDAD A LA QUE JOSE EMILIO PACHECO AMA PROFUNDAMENTE, PERO RECREA SIN NOSTALGIA Y DENUNCIA DE MANERA IMPLACABLE. DESDE SU APARICION, ESTA NOVELA CORTA, TRADUCIDA A VARIOS IDIOMAS Y PUBLICADA EN OTRAS PARTES DEL MUNDO HISPANO, ASOMBRO POR SU APARENTE SENCILLEZ Y LA ESTRUCTURA COMPLEJA QUE TIENDE LAZOS PARA UNA VARIEDAD DE LECTURAS MULTIPLES Y DIFERENTES, Y PARA UNA COMPLICIDAD QUE HERMANA PARA SIEMPRE AL LECTOR CON EL AUTOR."
9.78607E+12,Delirium,Lauren Oliver,EDICIONES SM,2013,Ciencia Ficci¢n,"EL AMOR CAUSA SUFRIMIENTO. POR ESO EN LA AVANZADA SOCIEDAD DEL SIGLO XXII LA GENTE SE SOMETE, A LOS DIECIOCHO A•OS, A UNA INTERVENCI‡N QUIRÈRGICA DONDE LES EXTRAEN LA PARTE DEL CEREBRO QUE CONTROLA LAS EMOCIONES. ES, GRACIAS A ESO, UNA SOCIEDAD LIBRE DE TODO TORMENTO SENTIMENTAL. LENA HOLOWEY ESTA A PUNTO DE LLEGAR A SU MAYOR÷A DE EDAD Y ESPERA, DESDE HACE MUCHO TIEMPO, ESA OPERACI‡N, QUE LA TRANSFORMARA EN UNA PERSONA SIN EMOCIONES, PERO SE TOPA CON UN PEQUE•O INCONVENIENTE: SE ENAMORA.UNA NOVELA SOBRE EL RIESGO QUE IMPLICA ENAMORARSE."
9.7885E+12,El ni§o con el pijama de rayas,John Boyne,PUBLICACIONES Y EDICIONES,2011,Literatura Universal,"ESTIMADO LECTOR, ESTIMADA LECTORA: AUNQUE EL USO HABITUAL DE UN TEXTO COMO êSTE ES DESCRIBIR LAS CARACTER÷STICAS DE LA OBRA, POR UNA VEZ NOS TOMAREMOS LA LIBERTAD DE HACER UNA EXCEPCI‡N A LA NORMA ESTABLECIDA. NO S‡LO PORQUE EL LIBRO QUE TIENES EN TUS MANOS ES MUY DIF÷CIL DE DEFINIR, SINO PORQUE ESTAMOS CONVENCIDOS DE QUE EXPLICAR SU CONTENIDO ESTROPEAR÷A LA EXPERIENCIA DE LA LECTURA. CREEMOS QUE ES IMPORTANTE EMPEZAR ESTA NOVELA SIN SABER DE QUê TRATA. NO OBSTANTE, SI DECIDES EMBARCARTE EN LA AVENTURA, DEBES SABER QUE ACOMPA•ARµS A BRUNO, UN NI•O DE NUEVE A•OS, CUANDO SE MUDA CON SU FAMILIA A UNA CASA JUNTO A UNA CERCA. CERCAS COMO êSA EXISTEN EN MUCHOS SITIOS DEL MUNDO, S‡LO DESEAMOS QUE NO TE ENCUENTRES NUNCA CON UNA. POR ÈLTIMO, CABE ACLARAR QUE ESTE LIBRO NO ES S‡LO PARA ADULTOS; TAMBIêN LO PUEDEN LEER, Y SER÷A RECOMENDABLE QUE LO HICIERAN, NI•OS A PARTIR DE LOS TRECE A•OS DE EDAD. EL EDITOR."
9.78607E+12,Insurgente 2,Veronica Roth,OCEANO TRAVESIA,2013,Ciencia Ficci¢n,"Una sola elecci¢n puede transformarte. . . O destruirte. Sin embargo, toda elecci¢n tiene sus consecuencias, as° que, cuando los disturbios se extienden por las facciones que forman su sociedad, tris prior, protagonista de esta novela, debe seguir intentando salvar a sus seres queridos (y a si? Misma), mientras se enfrenta a inquietantes dilemas sobre la pena y el perd¢n, la identidad y la lealtad, la pol°tica y el amor. A su alrededor, el conflicto entre las facciones y sus distintas ideolog°as se intensifica y la guerra acecha en el horizonte. El peligro en tiempos de guerra es que se debe escoger un bando, desvelar secretos. . . Y las consecuencias de cada elecci¢n se convierten en algo a£n m†s irrevocable y poderoso. Insurgente es la esperada segunda parte de la saga dist¢pica divergente, de la exitosa autora Ver¢nica Roth, quien nos entrega otra trepidante historia llena de giros inesperados, desenga§os, amor y profundas reflexiones sobre la naturaleza humana."
9.78607E+12,Las ventajas de ser invisible,Stephen Chbosky,ALFAGUARA JUVENIL,2012,Ciencia Ficci¢n,"Charlie es un chico realmente especial: lee much°simo, no sale con chicos ni con chicas y reflexiona sobre el mundo desde un punto de vista muy particular. Su ingenuidad, su incapacidad para relacionarse normalmente y su extrema sinceridad le crean m†s de un problema, especialmente ahora que su £nico amigo ha muerto. Conocer a Sam y Patrick, los chicos m†s populares y vitales del colegio, provocara un giro radical en su vida que lo sumergir† de pleno en la adolescencia."
9.78607E+12,LA VERDAD SOBRE EL CASO HARRY QUEBERT,Joel Dicker,ALFAGUARA ,2013,Literatura Universal,"QuiÇn mat¢ a Nola Kellergan es la gran inc¢gnita a develar en este thriller incomparable cuya experiencia de lectura escapa a cualquier tentativa de descripci¢n. IntentÇmoslo: una gran novela policiaca y rom†ntica a tres tiempos -1975, 1998 y 2008- acerca del asesinato de una joven de quince a§os en la peque§a ciudad de Aurora, en New Hampshire. En 2008, Marcus Goldman, un joven escritor, visita a su mentor -Harry Quebert, autor de una aclamada novela-, y descubre que Çste tuvo una relaci¢n secreta con Nola Kellergan.Poco despuÇs, Harry es arrestado, acusado de asesinato, al encontrarse el cad†ver de Nola enterrado en su jard°n. Marcus comienza a investigar y a escribir un libro sobre el caso. Mientras intenta demostrar la inocencia de Harry, una trama de secretos sale a la luz. La verdad s¢lo llega al final de un largo, intrincado y apasionante recorrido."
9685208557,Pedro Paramo,Juan Rulfo,EDITORIAL RM ,2005,Literatura Mexicana,"La obra de Juan Rulfo (1917ñ1986) es sin duda la creaci¢n literaria mexicana que ha recibido mayor reconocimiento dentro y fuera de su pa°s. La novela Pedro P†ramo tuvo una larga gestaci¢n. Rulfo la menciona por primera vez en una carta de 1947, y puede trabajar en ella hasta terminarla entre 1953 y 1954, gracias a una beca del Centro Mexicano de Escritores. En 1954 publica adelantos de la misma en tres revistas y en 1955 aparece como libro. Entre los admiradores de esta obra maestra, habiendo escrito tambiÇn sobre ella, figuran Gabriel Garc°a M†rquez, Jorge Luis Borges y Susan Sontag. Pedro P†ramo recoge lo m†s profundo de MÇxico y las formas y tÇcnicas literarias m†s avanzadas de su siglo. Pocas obras tocan al lector mexicano como Çsta, considerada tambiÇn un cl†sico de la literatura universal."
9.78607E+12,UN CHEF PARA TODO EL A•O,Gordon Ramsay,PLANETA,2009,Gastronom°a,MAS DE 100 RECETAS SORPRENDENTEMENTE SENCILLAS Y COMPLETAMENTE ACCESIBLES PARA EL QUE COCINA EN CASA. PLATILLOS CONTEMPORµNEOS Y LIGEROS PARA EL PALADAR ACTUAL. IDEAS INNOVADORAS Y CONSEJOS CULINARIOS DE UNO DE LOS COCINEROS BRITµNICOS MAS FASCINANTES. ESPLENDIDAS FOTOGRAF÷AS EN TODO EL LIBRO.
9.78607E+12,CAZADORES DE SOMBRAS. VOL. 02: CIUDAD DE CENIZA,Cassandra Clare,EDICIONES DESTINO,2009,Literatura fant†stica,"Clary Fray desear°a que su vida volviera a la normalidad. Si pudiera dejar atr†s el mundo de los cazadores de sombras, tendr°a m†s tiempo para Sim¢n, su mejor amigo, que se est† convirtiendo en algo m†s... Pero el mundo subterr†neo que acaba de descubrir no esta preparado para dejarla ir; en especial ese apuesto y exasperante Jace para complicar las cosas, una ola de asesinatos sacude la ciudad. Clary cree que Valentine esta detr†s de esas muertes, pero ®como podr°a detenerlo si Jace parece dispuesto a traicionar todo en lo que cree para ayudar a su padre? En esta soberbia secuela de ciudad de hueso, Casandra Clare arrastra de nuevo a sus lectores a las siniestras garras del submundo de nueva york, donde el amor jam†s est† a salvo y el poder se convierte en la tentaci¢n m†s letal."
9.78607E+12,CINCUENTA SOMBRAS DE GREY,E. L. James,GRIJALBO MONDADORI,2012,Literatura er¢tica,"La rom†ntica, sensual, er¢tica y totalmente adictiva historia de la apasionada relaci¢n entre una estudiante universitaria y un joven multimillonario Cuando la estudiante de Literatura Anastasia Steele recibe el encargo de entrevistar al exitoso y joven empresario Christian Grey, queda impresionada al encontrarse ante un hombre atractivo, seductor y tambiÇn muy intimidante. La inexperta e inocente Ana intenta olvidarle, pero pronto comprende cu†nto le desea. Cuando la pareja por fin inicia una apasionada relaci¢n, Ana se sorprende por las peculiares pr†cticas er¢ticas de Grey, al tiempo que descubre los l°mites de sus propios y m†s oscuros deseos..."
9.78607E+12,CIEN A•OS DE SOLEDAD,Gabriel Garcia Marquez,DIANA,2010,Literatura Universal,"Muchos a§os despuÇs, frente al pelot¢n de fusilamiento, el coronel Aureliano Buend°a hab°a de recordar aquella tarde remota en que su padre lo llevo a conocer el hielo. Macondo era entonces una aldea de veinte casas de barro y Ca§abrava construidas a la orilla de un rio de aguas di†fanas que se precipitaban por un lecho de piedras pulidas, blancas y enormes como huevos prehist¢ricos. El mundo era tan reciente, que muchas cosas carec°an de nombre, y para mencionarlas hab°a que se§alarlas con el dedo. Mito por derecho propio, saludada por sus lectores como la obra en espa§ol m†s importante despuÇs de la biblia, cien a§os de soledad cuenta la saga de la familia Buend°a y su maldici¢n, que castiga el matrimonio entre parientes d†ndoles hijos con cola de cerdo. Como un rio desbordante, a lo largo de un siglo se entretejer†n sus destinos por medio de sucesos maravillosos en el fant†stico pueblo de macondo, en una narraci¢n que es la cumbre indiscutible del realismo m†gico y la literatura del boom. Alegor°a universal, es tambiÇn una visi¢n de LatinoamÇrica y una par†bola sobre la historia humana."
9.78607E+12,DOCTOR SUE•O,Stephen King,PLAZAˇ& JANES EDITORES,2013,Terror y suspenso,"Stephen King vuelve a los personajes y al territorio de una de sus novelas m†s emblem†ticas, el resplandor. Danny Torrance ahora es un adulto, y su particular destino le llevar† a salvar a una ni§a de 12 a§os (que tambiÇn posee un don especial) de una tribu de gente asesina y con poderes ps°quicos. Stephen King vuelve al mundo de, El resplandor, una de sus novelas m†s queridas y emblem†ticas. Ahora Danny Torrance, aquel ni§o aterrorizado del hotel Overlook, es un adulto alcoh¢lico y sin residencia fija que va de ciudad en ciudad atormentado por sus visiones y por los fantasmas de su infancia, que ha aprendido a controlar pero no a eliminar de su mente. Un d°a se siente atra°do por una ciudad de New Hampshire, donde encontrar† trabajo en una residencia de ancianos y donde se apuntar† a las reuniones de alcoh¢licos an¢nimos. En ese lugar le llega la visi¢n de abra Stone, una ni§a que necesita su ayuda. La persigue una tribu de seres paranormales que vive del resplandor de los ni§os especiales. Parecen personas mayores y totalmente normales que viajan por el pa°s en sus autocaravanas, pero su misi¢n es capturar, torturar y consumir a estos ni§os. Se alimentan de ellos para vivir y el resplandor de abra tiene tanta fuerza que les podr°a mantener vivos durante mucho tiempo. Danny sabe que sin su ayuda abra nunca conseguir°a escaparse de ellos; juntos emprender†n una lucha Çpica, una batalla sangrienta entre el bien y el mal, para intentar salvarla a ella y a los dem†s ni§os que sacrifican. Una novela que entusiasmar† a los millones de lectores de, El resplandor y que encantar† a todos los que conozcan a Danny Torrance por primera vez. Una novela ic¢nica en la obra de Stephen King."
7.50301E+12,TOKIO BLUES,Haruki Murakami,TUSQUETS EDITORES,2009,Literatura Universal,"Toru Watanabe, un ejecutivo de 37 a§os, escucha casualmente mientras aterriza en un aeropuerto europeo una vieja canci¢n de los Beatles, y la m£sica le hace retroceder a su juventud, al turbulento Tokio de finales de los sesenta. Toru recuerda, con una mezcla de melancol°a y desasosiego, a la inestable y misteriosa Naoko, la novia de su mejor -y £nico- amigo de la adolescencia, Kizuki. El suicidio de este les distancia durante un a§o hasta que se reencuentran en la universidad. Inician all° una relaci¢n °ntima; sin embargo, la fr†gil salud mental de Naoko se resiente y la internan en un centro de reposo. Al poco, Toru se enamora de Midori, una joven activa y resuelta. Indeciso, sumido en dudas y temores, experimenta el deslumbramiento y el desenga§o all† donde todo parece cobrar sentido: el sexo, el amor y la muerte. La situaci¢n, para Çl, para los tres, se ha vuelto insostenible; ninguno parece capaz de alcanzar el delicado equilibrio entre las esperanzas juveniles y la necesidad de encontrar un lugar en el mundo. Con un fino sentido del humor, Murakami ha escrito el conmovedor relato de una educaci¢n sentimental, pero tambiÇn de las pÇrdidas que implica toda maduraci¢n. Tokio blues supuso el reconocimiento definitivo del autor en su pa°s, donde se convirti¢ en un best seller."
9.78607E+12,LA LECCION DE AUGUST,R. J. Palacio,NUBE DE TINTA,2013,Ni§os y jovenes,"Su cara lo hace distinto y Çl solo quiere ser uno m†s. Camina siempre mirando al suelo, la cabeza gacha y el flequillo tratando en vano de esconder su rostro, pero, aun as°, es objeto de miradas furtivas, susurros ahogados y codazos de asombro. August sale poco, su vida transcurre entre las acogedoras paredes de su casa, entre la compa§°a de su familia, su perra Daisy y las incre°bles historias de la guerra de las galaxias. Este a§o todo va a cambiar, porque este a§o va a ir, por primera vez, a la escuela. All° aprender† la lecci¢n m†s importante de su vida, la que no se ense§a en las aulas ni en los libros de texto: crecer en la adversidad, aceptarse tal y como es, sonre°r a los d°as grises y saber que, al final, siempre encontrar† una mano amiga. Desde que sali¢ el 14 de febrero de 2012, la lecci¢n de August se ha situado en los puestos de las novelas m†s vendidos en la lista del New York times y ha encontrado en la red la mejor manera de promocionarse."
9.78607E+12,PEQUE•O CERDO CAPITALISTA,Sofia Macias,AGUILAR,2011,Finanzas,"®REALMENTE QUIERES SACARLE EL MEJOR PROVECHO A TU DINERO? ENTONCES ESTE LIBRO ES PARA TI. NO IMPORTA SI ERES MÈSICO, POETA Y LOCO; DOCTOR EN CIENCIAS OCULTAS, BOHEMIO, ACTIVISTA, AMANTE DE LA NATURALEZA, CIRUJANO, ARQUITECTO DE TU PROPIOS DESTINO, FLORICULTOR, PSICOANALISTAÖ NO IMPORTA SI NO TIENES IDEA DE FINANZAS PERSONALES, TIENES GRANDES NOCIONES O CREES QUE ERES UN EXPERTO. CON PEQUE•O CERDO CAPITALISTA TENDRµS LAS HERRAMIENTAS MµS EFECTIVAS PARA SABER AHORRAR, INVERTIR Y REPARTIR DE LA MEJOR MANERA TUS INGRESOS. ADEMµS, SOF÷A MAC÷AS TE EXPLICA DE MANERA CLARA, DIVERTIDA Y CON MUCHOS EJEMPLOS DE LA VIDA REAL, LOS CASOS EN LOS QUE PERSONAS C‡MO TÈ, HAN HECHO MARAVILLAS CON SU DINERO O HAN PERDIDO HASTA LA CAMISA; TE EXPLICA SIN ROLLOS LO QUE SON LOS SEGUROS Y CUµLES TE CONVIENEN, LAS AFORES, LOS PROS Y LOS CONTRAS DE LAS TARJETAS DE CRêDITO, LOS PRêSTAMOS, LAS COMISIONESÖ EN FIN, CON ESTE LIBRO COMPROBARµS UNA VEZ MµS QUE EL TIEMPO ES ORO, Y EN NUESTRO CASO DINERO: POR ESO URGE SABER C‡MO HACER QUE NUESTROS INGRESOS RINDAN AL MµXIMO."
9.78608E+12,"LATITUDES: CRONICA, VIAJE Y BALON",Alberto Lati,EDICIONES CAL Y ARENA,2013,Cronica y periodismo,"Latitudes es, como pocos libros, un concentrado de pasiones. Pasi¢n por las haza§as que hombres y mujeres atinan a realizar en los l°mites de lo imposible con sus cuerpos; pasi¢n por el ejercicio de una inteligencia que, sustentada en esos mismos cuerpos, los distingue del resto de los congÇneres hasta convertirlos en las versiones actuales de los hÇroes de la antigÅedad."
9.78607E+12,YO SOY MALALA,Malala Yousafzai,GRUPO EDITORIAL PATRIA,2013,Biograf°as,"CUANDO LOS TALIBANES TOMARON EL CONTROL DEL VALLE DE SWAT EN PAKISTµN, UNA NI•A ALZ‡ SU VOZ. MALALA YOUSAFZAI SE NEG‡ A SER SILENCIADA Y LUCH‡ POR SU DERECHO A LA EDUCACI‡N. EL MARTES 9 DE OCTUBRE DE 2012, CON QUINCE A•OS DE EDAD, ESTUVO A PUNTO DE PAGAR EL GESTO CON SU VIDA. LE DISPARARON EN LA CABEZA A QUEMARROPA MIENTRAS VOLV÷A A CASA DE LA ESCUELA EN AUTOBÈS, Y POCOS PENSARON QUE FUERA A SOBREVIVIR. SIN EMBARGO, LA MILAGROSA RECUPERACI‡N DE MALALA LA HA LLEVADO EN UN EXTRAORDINARIO PERIPLO DESDE UN REMOTO VALLE EN EL NORTE DE PAKISTµN HASTA LAS NACIONES UNIDAS EN NUEVA YORK. A LOS DIECISêIS A•OS SE HA CONVERTIDO EN UN S÷MBOLO GLOBAL DE LA PROTESTA PAC÷FICA, Y ES LA NOMINADA MµS JOVEN DE LA HISTORIA PARA EL PREMIO NOBEL DE LA PAZ. YO SOY MALALA ES EL EXCEPCIONAL RELATO DE UNA FAMILIA DESTERRADA POR EL TERRORISMO GLOBAL, DE LA LUCHA POR LA EDUCACI‡N DE LAS NI•AS, DE UN PADRE QUE, êL MISMO PROPIETARIO DE UNA ESCUELA, APOY‡ A SU HIJA Y LA ALENT‡ A ESCRIBIR Y A IR AL COLEGIO, Y DE UNOS PADRES VALIENTES QUE QUIEREN A SU HIJA POR ENCIMA DE TODO EN UNA SOCIEDAD QUE PRIVILEGIA A LOS HIJOS VARONES. YO SOY MALALA NOS HACE CREER EN EL PODER DE LA VOZ DE UNA PERSONA PARA CAMBIAR EL MUNDO."
9.78607E+12,EL HEROE DISCRETO,Mario Vargas Llosa,ALFAGUARA ,2013,Literatura Universal,"La novela cuenta la historia paralela de dos personajes: el ordenado y entra§able Fel°cito YanaquÇ, un peque§o empresario de Piura que es extorsionado, e Ismael Carrera, un exitoso hombre de negocios, due§o de una aseguradora en Lima, quien urde una sorpresiva venganza contra sus dos hijos holgazanes que quisieron verlo muerto. Viejos conocidos del mundo vargallosiano aparecen en estas p†ginas: el sargento Lituma y los inconquistables, don Rigoberto, do§a Lucrecia y Fonchito, todos moviÇndose ahora en un Per£ muy pr¢spero. Ambos personajes son, a su modo, discretos rebeldes que intentan hacerse cargo de sus propios destinos, pues tanto Ismael como Felicito le echan un pulso al curso de los acontecimientos. Mientras Ismael desaf°a todas las convenciones de su clase, Fel°cito se aferra a unas pocas m†ximas para plantar cara al chantaje. No son justicieros, pero est†n por encima de las mezquindades de su entorno para vivir seg£n sus ideales y deseos. Un libro lleno de humor, en clave de melodrama, que ocurre en el pujante Per£ actual, donde Piura y Lima ya no son espacios f°sicos, sino reinos de la imaginaci¢n poblados por los personajes del gran escritor que es Mario Vargas Llosa."
9.78607E+12,EL LARGO CAMINO HACIA LA LIBERTAD,Nelson Mandela,AGUILAR,2013,Biograf°as,"ES UNA APASIONANTE Y JUBILOSA AUTOBIOGRAF÷A DE NELSON MANDELA; UN LIBRO DESTINADO A OCUPAR UN LUGAR DE HONOR ENTRE LAS MEMORIAS DE LAS FIGURAS MµS IMPORTANTES DE LA HISTORIA. EN ESTE LIBRO NELSON ROLIHLAHLA MANDELA NARRA POR PRIMERA VEZ SU EXTRAORDINARIA VIDA; LA êPICA HISTORIA, HASTA AHORA IGNORADA POR LA MAYOR÷A, DE UNA LUCHA HEROICA, CON SUS DERROTAS, SUS RENOVADAS ESPERANZAS Y SU TRIUNFO FINAL. NO EXISTE OTRA PERSONALIDAD VIVA QUE, COMO NELSON MANDELA, REPRESENTE PARA MILLONES DE PERSONAS DE TODO EL MUNDO EL TRIUNFO DE LA DIGNIDAD Y LA ESPERANZA SOBRE LA DESESPERACI‡N Y EL ODIO, DE LA AUTODISCIPLINA Y EL AMOR SOBRE LA PERSECUCI‡N Y LA IGNOMINIA. EL LARGO CAMINO HACIA LA LIBERTAD DA CUERPO A ESE ESP÷RITU EN UN LIBRO IMPERECEDERO."
9.78607E+12,"RAYUELA, EDICION CONMEMORATIVA",Julio Cortazar,ALFAGUARA ,2013,Literatura Universal,"Contra novela, cr¢nica de una locura, el agujero negro de un enorme embudo, un feroz sacud¢n por las solapas, un grito de alerta, una especie de bomba at¢mica, una llamada al desorden necesario, una gigantesca humorada, un balbuceo. Con estas y otras expresiones se aludi¢ a rayuela, la novela que Julio Cort†zar comenz¢ a so§ar en 1958, se public¢ en 1963 y a partir de entonces cambi¢ la historia de la literatura as° como sacudi¢ la vida de miles de j¢venes en todo el mundo. Plena de ambici¢n literaria y vital, renovadora de las herramientas narrativas, destructora de lo establecido y buscadora de la ra°z de la poes°a, durante todas estas dÇcadas, rayuela sigui¢ siendo le°da con curiosidad, asombro, interÇs o devoci¢n. Llega a los lectores hoy, en su aniversario n£mero 50, acompa§ada de un apÇndice donde Cort†zar mismo cuenta la historia del libro que busc¢ el m†s all† de todas las fronteras. A cincuenta a§os de su primera edici¢n, rayuela sigue siendo un libro de hallazgos. Su aparici¢n fue un hurac†n que conmocion¢ a la literatura. Diez a§os despuÇs segu°a siendo una novela con su propio orden que invitaba a los j¢venes a imaginar su propio mundo. En la dÇcada de los ochenta, rayuela era m†s que una novela consagrada, se hab°a convertido en un monumento literario con millones de visitas; y en los £ltimos a§os del siglo XX el estilo que mezclaba surrealismo francÇs y boom latinoamericano segu°a siendo de gran influencia para nuevos narradores. Oliveira, la maga, Rocamadour o Morelli continuaban en el imaginario cotidiano con su melancol°a y sus derrotas. Para los lectores, rayuela es un viaje en el tiempo, revivir una Çpoca de luchas ganadas, recorrer el laberinto que ofrece varias formas de escape, aunque sus p†ginas sean cada vez m†s atrapantes; se puede optar por una lectura tradicional o seguir el tablero de direcci¢n, o bien, como al lector le plazca. Ahora, cinco dÇcadas despuÇs, la edici¢n conmemorativa de alfaguara constata que rayuela sigue siendo la novela que ha dado voz a varias generaciones, que liber¢ el gÇnero literario al llenarlo de modernidad. Ser† algo as° como una antinovela, la tentaci¢n de romper los moldes en que se petrifica este gÇnero, declar¢ Cort†zar hace cincuenta a§os."
9.78607E+12,EL CEREBRO DE MI HERMANO,Rafael Perez Gay,SEIX BARRAL,2013,Literatura Mexicana,"Èltimo reducto de la memoria y de los sue§os: el cerebro, donde todo ocurre, pero tambiÇn donde todo puede parar cuando se convierten una casa a oscuras habitada por nada, nadie, nunca. El cerebro de mi hermano es un relato de la evoluci¢n de un padecimiento degenerativo en el seno de una familia. Recuerdos, emociones, temores y expectativas, el singular proceso de adaptaci¢n a lo impensable, el dolor de atestiguar la extinci¢n de un ser querido, pero tambiÇn la historia compartida, los a§os, los lugares, las pasiones conjuntas, la apertura a la conciencia del propio final, el ajuste de cuentas inexorable con lo vivido?Rafael PÇrez gay ha escrito con el cerebro de mi hermano una de sus memorias personales m†s intensas, un informe final sobre los £ltimos momentos de JosÇ Mar°a PÇrez gay (1943-2013): fil¢sofo, escritor, traductor y diplom†tico; hermano mayor y amigo literario. Una reflexi¢n descarnada y precisa sobre la condici¢n humana, la enfermedad y la muerte."
9.78607E+12,ELEANOR & PARK,Rainbow Rowell,ALFAGUARA ,2013,Ni§os y jovenes,"Eleanor es la nueva chica en la ciudad, y nunca se ha sentido m†s sola. Con ropa que no combina, alocado cabello rojo y ca¢tica vida familiar, no podr°a resaltar m†s incluso si lo intentara. Entonces se sienta en el autob£s al lado de Park. Silencioso, cuidadoso, y, a los ojos de Eleanor, imposiblemente genial, Park ha descubierto que pasar bajo el radar es la mejor forma de salir adelante. Lentamente, de manera constante, a travÇs de conversaciones nocturnas y una pila de cassettes mezclados cada vez m†s grande, eleanor y park se enamoran. Se enamoran de la forma en que lo haces la primera vez, cuando tienes 16, y tienes nada y todo que perder... Establecida en el transcurso de un a§o escolar en 1986, Eleanor y park es divertida, triste, impactante y verdadera; un exquisito viaje a la nostalgia para cualquiera que jam†s haya olvidado a su primer amor."
9.78607E+12,MARAVILLOSO DESASTRE,Jamie McGuire,SUMA DE LETRAS,2013,Literatura Universal,"ABBY ABERNATHY ES UNA CHICA BUENA, NO SE METE EN PROBLEMAS Y ES MUY TRABAJADORA. TIENE UN OSCURO PASADO QUE LA PERSIGUE, AUNQUE ELLA NO QUIERA ACEPTARLO. TODO CAMBIARµ CUANDO ENTRE A LA UNIVERSIDAD. TRAVIS MADDOX ES UN ESTUDIANTE EJEMPLAR Y ES EL SEDUCTOR MµS POPULAR DE LA ESCUELA. ES ATRACTIVO Y SE GANA LA VIDA EN UN CLUB ITINERANTE, DONDE SE ORGANIZAN PELEAS. CUANDO ABBY RECHAZA A TRAVIS, êSTE BUSCARµ A TODA COSTA LOGRAR QUE LA CHICA LO ACEPTE, AUNQUE ESO LE CUESTE MUY CARO A AMBOS. LOS PERSONAJES DE ESTA HISTORIA ESTµN EN UN JUEGO DE EMOCIONES Y OBSESIONES; SI PIERDEN, AMBOS SALDRµN LASTIMADOS; SI GANAN, ESTARµN UNIDOS PARA SIEMPRE."
8478887598,HARRY POTTER Y LA PIEDRA FILOSOFALˇ,J. K. Rowling,PUBLICACIONES Y EDICIONES,2001,Literatura fant†stica,"Harry Potter se ha quedado huÇrfano y vive en casa de sus abominables t°os y del insoportable primo Dudley. Harry se siente muy triste y solo, hasta que un buen d°a recibe una carta que cambiar† su vida para siempre. En ella le comunican que ha sido aceptado como alumno en el colegio interno Hogwarts de magia y hechicer°a. A partir de ese momento, la suerte de Harry da un vuelco espectacular. En esa escuela tan especial aprender† encantamientos, trucos fabulosos y t†cticas de defensa contra las malas artes. Se convertir† en el campe¢n escolar de Quidditch, especie de f£tbol aÇreo que se juega montado sobre escobas, y se har† un pu§ado de buenos amigos, aunque tambiÇn algunos temibles enemigos. Pero sobre todo conocer† los secretos que le permitir†n cumplir con su destino. Pues, aunque no lo parezca a primera vista, Harry no es un chico com£n y corriente. ≠Es un verdadero mago!"
9.78607E+12,YO DECIDO,Gaby Vargas,AGUILAR,2013,Desarrollo humano,"Hay ocasiones en las que nos sentimos atrapados por malas decisiones, en que creemos que la felicidad est† en encontrar a la pareja ideal, el empleo s£per bien pagado o el viaje so§ado que nos prometieron. Nos dejamos llevar por la inercia de los d°as sin buscar los cambios que transformar†n nuestra vida, y lo que espero, a veces hasta nos quejamos de nuestra suerte."
9.7885E+12,PERCY JACKSON Y LOS DIOSES DEL OLIMPO 1: EL LADRON DEL RAYO,Rick Riordan,PUBLICACIONES Y EDICIONES,2009,Literatura fant†stica,"®QuÇ pasar°a si un d°a descubres que, en realidad, eres hijo de un dios griego que debe cumplir una misi¢n secreta? Pues eso es lo que le sucede a Percy Jackson, que a partir de ese momento se dispone a vivir los acontecimientos m†s emocionantes de su vida. Expulsado de seis colegios, Percy padece dislexia y dificultades para concentrarse, o al menos Çsa es la versi¢n oficial. Objeto de burlas por inventarse historias fant†sticas, ni siquiera Çl mismo acaba de creÇrselas hasta el d°a que los dioses del Olimpo le revelan la verdad: Percy es nada menos que un semidios, es decir, el hijo de un dios y una mortal. Y como tal ha de descubrir quiÇn ha robado el rayo de Zeus y as° evitar que estalle una guerra entre los dioses. Para cumplir la misi¢n contar† con la ayuda de sus amigos Grover, un joven s†tiro, y Annabeth, hija de la sabia Atenea. El ladr¢n del rayo da comienzo a una apasionante serie de aventuras sobre un mundo secreto."
9.78841E+12,WICKED: MEMORIAS DE UNA BRUJA MALA,Gregory Maguire,BOOKET,2009,Literatura fant†stica,"NO ES FµCIL SER LA MALA DEL CUENTO. EN UN PUEBLO DE PESCADORES DE MUNCHKINLAND NACE ELPHABA, UN BEBê DE PIEL VERDE Y DIENTES DE TIBUR‡N CON LOS QUE ARRANCA LOS DEDOS A LA COMADRONA. ELPHABA CRECERµ PARA CONVERTIRSE EN LA MALVADA BRUJA DEL OESTE, UNA PERSONA INGENIOSA, IRRITABLE Y POCO COMPRENDIDA QUE PONE EN TELA DE JUICIO TODAS NUESTRAS NOCIONES PRECONCEBIDAS SOBRE LA NATURALEZA DEL BIEN Y DEL MAL. EL MUSICAL WICKED, BASADO EN LA NOVELA, SE HA CONVERTIDO EN UN AUTêNTICO FEN‡MENO INTERNACIONAL. -UNA NOVELA INCRE÷BLE.- JOHN UPDIKE, THE NEW YORKER. -LA PRIMERA NOVELA DE GREGORY MAGUIRE, ASTUTAMENTE CONCEBIDA, ES A LA VEZ UN THRILLER FANTµSTICO, UN ESTUDIO PSICOL‡GICO Y UNA FµBULA POL÷TICA. RESULTA TOTALMENTE FASCINANTE. Y ES IMPOSIBLE NEGAR QUE LA PROSA DE GREGORY MAGUIRE TIENE MAGIA.- NEW YORK NEWSDAY."
9.78607E+12,HISTORIA DEL NARCOTRAFICO EN MêXICO,Guillermo Valdes Castellanos,AGUILAR,2013,Historia de MÇxico,"Una mirada dedicada y profunda a la historia del narcotr†fico en MÇxico, desde sus inicios en los campos de opio del norte del pa°s, manejados por inmigrantes chinos hasta el sexenio de Felipe calder¢n, cuando el nivel de violencia escal¢ como en ning£n otro momento hist¢rico en nuestro pa°s. Guillermo ValdÇs fue el director de CISEN en el sexenio de Calder¢n y su experiencia no es s¢lo acadÇmica y profesional; ValdÇs estuvo presente en algunos de los operativos m†s importantes de la guerra contra el narco, enfrent¢ a criminales y vivi¢ descubrimientos escalofriantes en carne propia. Ning£n testimonio sobre el narcotr†fico en MÇxico se ha contado desde la trinchera y desde el momento m†s cr°tico de la seguridad nacional."
9.78607E+12,INFERNO,Dan Brown,PLANETA,2013,Literatura Universal,"EN SUS BESTSELLERS INTERNACIONALES EL C‡DIGO DA VINCI, µNGELES Y DEMONIOS Y EL S÷MBOLO PERDIDO, DAN BROWN AUN‡ CON MAESTR÷A HISTORIA, ARTE, C‡DIGOS Y S÷MBOLOS. EN SU FASCINANTE NUEVO THRILLER, INFERNO, BROWN RECUPERA SU ESENCIA CON SU NOVELA MµS AMBICIOSA HASTA LA FECHA. EN EL CORAZ‡N DE ITALIA, EL CATEDRµTICO DE SIMBOLOG÷A DE HARVARD ROBERT LANGDON SE VE ARRASTRADO A UN MUNDO TERROR÷FICO CENTRADO EN UNA DE LAS OBRAS MAESTRAS DE LA LITERATURA MµS IMPERECEDERAS Y MISTERIOSAS DE LA HISTORIA: EL INFIERNO DE DANTE. CON ESTE TEL‡N DE FONDO, LANGDON SE ENFRENTA A UN ADVERSARIO ESCALOFRIANTE Y LIDIA CON UN ACERTIJO INGENIOSO EN UN ESCENARIO DE ARTE CLµSICO, PASADIZOS SECRETOS Y CIENCIA FUTURISTA. APOYµNDOSE EN EL OSCURO POEMA êPICO DE DANTE, LANGDON, EN UNA CARRERA CONTRARRELOJ, BUSCA RESPUESTAS Y PERSONAS DE CONFIANZA ANTES DE QUE EL MUNDO CAMBIE IRREVOCABLEMENTE."
9.7885E+12,PERCY JACKSON Y LOS DIOSES DEL OLIMPO 2: EL MAR DE LOS MONSTRUOS,Rick Riordan,PUBLICACIONES Y EDICIONES,2010,Literatura fant†stica,DESDE QUE SABE QUE ES HIJO DE UN DIOS Y UNA MORTAL PERCY JACKSON ESPERA QUE EL DESTINO LE DEPARE CONTINUAS AVENTURAS.
9.78607E+12,CAZADORES DE SOMBRAS. VOL. 03: CIUDAD DE CRISTAL,Cassandra Clare,EDICIONES DESTINO,2010,Literatura fant†stica,"Para salvar la vida de su madre, Clary debe viajar hasta la Ciudad de Cristal, el hogar ancestral de los cazadores de sombras. Por si fuera poco, Jace no quiere que vaya y Simon ha sido encarcelado por los propios Cazadores de Sombras, que no se f°an de un vampiro resistente al sol. Mientras, Clary traba amistad con Sebasti†n, un misterioso cazador de sombras que se al°a con ella. Valentine est† dispuesto a acabar con todos los cazadores de sombras: la £nica opci¢n que les queda a Çstos es aliarse con sus mortales enemigos pero ®podr†n hombres lobo, vampiros y otras criaturas del submundo dejar a un lado sus diferencias con los cazadores de sombras?"
